{
    "capture_start_time": 1764013301.5889947,
    "timestamp_compact": "20251124114141",
    "datetime_strftime": "2025-11-24 11:41:41.588982",
    "num_frames": 50,
    "num_samples": 256,
    "num_chirps": 8,
    "num_rx": 4,
    "num_tx": 3,
    "periodicity": 0,
    "sweep_time": 0
}